{"cameraMode":{"drawMode":0,"name":"Shaded","section":"Shading Mode"},"sceneLighting":true,"audioPlay":false,"sceneViewState":{"showFog":true,"showMaterialUpdate":false,"showSkybox":true,"showFlares":true,"showImageEffects":true,"showParticleSystems":true},"in2DMode":false,"pivot":{"x":-26.759458541870118,"y":18.255176544189454,"z":11.058241844177246},"rotation":{"x":-0.10023119300603867,"y":-0.8596763014793396,"z":0.18482165038585664,"w":-0.4657759964466095},"size":15.627534866333008,"orthographic":false}