{"cameraMode":{"drawMode":0,"name":"Shaded","section":"Shading Mode"},"sceneLighting":false,"audioPlay":false,"sceneViewState":{"showFog":true,"showMaterialUpdate":false,"showSkybox":false,"showFlares":true,"showImageEffects":true,"showParticleSystems":true},"in2DMode":false,"pivot":{"x":0.05450010299682617,"y":2.0242178440093996,"z":0.13010120391845704},"rotation":{"x":-0.10023119300603867,"y":-0.8596763014793396,"z":0.18482165038585664,"w":-0.4657759964466095},"size":4.470253944396973,"orthographic":false}