{"cameraMode":{"drawMode":0,"name":"Shaded","section":"Shading Mode"},"sceneLighting":false,"audioPlay":false,"sceneViewState":{"showFog":true,"showMaterialUpdate":false,"showSkybox":false,"showFlares":true,"showImageEffects":true,"showParticleSystems":true},"in2DMode":false,"pivot":{"x":-7.328373908996582,"y":-1.245593547821045,"z":-105.63029479980469},"rotation":{"x":0.012371545657515526,"y":-0.9859631657600403,"z":0.14329099655151368,"w":0.0859665796160698},"size":5.884018898010254,"orthographic":false}