{"cameraMode":{"drawMode":0,"name":"Shaded","section":"Shading Mode"},"sceneLighting":false,"audioPlay":false,"sceneViewState":{"showFog":true,"showMaterialUpdate":false,"showSkybox":false,"showFlares":true,"showImageEffects":true,"showParticleSystems":true},"in2DMode":false,"pivot":{"x":476.7889099121094,"y":1612.6099853515625,"z":-107.66192626953125},"rotation":{"x":-0.015007633715867997,"y":-0.016530543565750123,"z":0.000266344693955034,"w":-0.9997831583023071},"size":646.3663330078125,"orthographic":false}