{"cameraMode":{"drawMode":0,"name":"Shaded","section":"Shading Mode"},"sceneLighting":false,"audioPlay":false,"sceneViewState":{"showFog":true,"showMaterialUpdate":false,"showSkybox":false,"showFlares":true,"showImageEffects":true,"showParticleSystems":true},"in2DMode":false,"pivot":{"x":128.5836639404297,"y":-402.2577819824219,"z":4446.7041015625},"rotation":{"x":0.24984000623226167,"y":0.07199124246835709,"z":-0.018612677231431009,"w":0.9655107855796814},"size":467.2989196777344,"orthographic":false}