{"cameraMode":{"drawMode":0,"name":"Shaded","section":"Shading Mode"},"sceneLighting":true,"audioPlay":false,"sceneViewState":{"showFog":true,"showMaterialUpdate":false,"showSkybox":true,"showFlares":true,"showImageEffects":true,"showParticleSystems":true},"in2DMode":false,"pivot":{"x":163.02369689941407,"y":2527.610595703125,"z":107.33735656738281},"rotation":{"x":-0.02092873305082321,"y":-0.08690617978572846,"z":0.0018373423954471946,"w":-0.9960294961929321},"size":239.22618103027345,"orthographic":false}