{"cameraMode":{"drawMode":0,"name":"Shaded","section":"Shading Mode"},"sceneLighting":false,"audioPlay":false,"sceneViewState":{"showFog":true,"showMaterialUpdate":false,"showSkybox":false,"showFlares":true,"showImageEffects":true,"showParticleSystems":true},"in2DMode":false,"pivot":{"x":-20.39043426513672,"y":10.29983139038086,"z":43.196109771728519},"rotation":{"x":-0.020712917670607568,"y":0.723966658115387,"z":-0.02171141840517521,"w":-0.6892364025115967},"size":22.074926376342775,"orthographic":false}