{"cameraMode":{"drawMode":0,"name":"Shaded","section":"Shading Mode"},"sceneLighting":false,"audioPlay":false,"sceneViewState":{"showFog":true,"showMaterialUpdate":false,"showSkybox":false,"showFlares":true,"showImageEffects":true,"showParticleSystems":true},"in2DMode":false,"pivot":{"x":1035.0499267578125,"y":1601.699951171875,"z":0.0},"rotation":{"x":0.017988475039601327,"y":-0.012031379155814648,"z":-0.00019833783153444529,"w":-0.9997984766960144},"size":80.41688537597656,"orthographic":false}