{"cameraMode":{"drawMode":0,"name":"Shaded","section":"Shading Mode"},"sceneLighting":false,"audioPlay":false,"sceneViewState":{"showFog":true,"showMaterialUpdate":false,"showSkybox":false,"showFlares":true,"showImageEffects":true,"showParticleSystems":true},"in2DMode":false,"pivot":{"x":-20.454790115356447,"y":4.725770950317383,"z":-55.156227111816409},"rotation":{"x":-0.0007628168095834553,"y":0.9949245452880859,"z":-0.007471389602869749,"w":-0.10065852850675583},"size":2.6622025966644289,"orthographic":false}