{"cameraMode":{"drawMode":0,"name":"Shaded","section":"Shading Mode"},"sceneLighting":false,"audioPlay":false,"sceneViewState":{"showFog":true,"showMaterialUpdate":false,"showSkybox":false,"showFlares":true,"showImageEffects":true,"showParticleSystems":true},"in2DMode":false,"pivot":{"x":63.78098678588867,"y":-222.85382080078126,"z":1433.993896484375},"rotation":{"x":-0.2645248770713806,"y":-0.058402203023433688,"z":0.016054866835474969,"w":-0.9624969959259033},"size":274.4107971191406,"orthographic":false}