{"cameraMode":{"drawMode":0,"name":"Shaded","section":"Shading Mode"},"sceneLighting":false,"audioPlay":false,"sceneViewState":{"showFog":true,"showMaterialUpdate":false,"showSkybox":false,"showFlares":true,"showImageEffects":true,"showParticleSystems":true},"in2DMode":false,"pivot":{"x":0.024821311235427858,"y":0.950046181678772,"z":-0.05660000070929527},"rotation":{"x":0.18787987530231477,"y":0.012390444986522198,"z":-0.0023575557861477138,"w":0.9821550846099854},"size":0.46216967701911929,"orthographic":false}