{"cameraMode":{"drawMode":0,"name":"Shaded","section":"Shading Mode"},"sceneLighting":false,"audioPlay":false,"sceneViewState":{"showFog":true,"showMaterialUpdate":false,"showSkybox":false,"showFlares":true,"showImageEffects":true,"showParticleSystems":true},"in2DMode":false,"pivot":{"x":0.0,"y":8.048799514770508,"z":-45.51148986816406},"rotation":{"x":0.04037640616297722,"y":-0.9588929414749146,"z":0.17836467921733857,"w":0.21705366671085359},"size":22.074926376342775,"orthographic":false}