{"cameraMode":{"drawMode":0,"name":"Shaded","section":"Shading Mode"},"sceneLighting":false,"audioPlay":false,"sceneViewState":{"showFog":true,"showMaterialUpdate":false,"showSkybox":false,"showFlares":true,"showImageEffects":true,"showParticleSystems":true},"in2DMode":false,"pivot":{"x":0.0,"y":1.8641722202301026,"z":-0.7147870063781738},"rotation":{"x":-0.004541623871773481,"y":0.9891422390937805,"z":-0.031176764518022538,"w":-0.14376112818717957},"size":6.18095588684082,"orthographic":false}