{"cameraMode":{"drawMode":0,"name":"Shaded","section":"Shading Mode"},"sceneLighting":false,"audioPlay":false,"sceneViewState":{"showFog":true,"showMaterialUpdate":false,"showSkybox":false,"showFlares":true,"showImageEffects":true,"showParticleSystems":true},"in2DMode":false,"pivot":{"x":-8.47762680053711,"y":1.7458587884902955,"z":-92.18830108642578},"rotation":{"x":-0.0007628168095834553,"y":0.9949245452880859,"z":-0.007471389602869749,"w":-0.10065852850675583},"size":5.372792720794678,"orthographic":false}