{"cameraMode":{"drawMode":0,"name":"Shaded","section":"Shading Mode"},"sceneLighting":true,"audioPlay":false,"sceneViewState":{"showFog":true,"showMaterialUpdate":false,"showSkybox":false,"showFlares":true,"showImageEffects":true,"showParticleSystems":true},"in2DMode":false,"pivot":{"x":0.0,"y":12.802983283996582,"z":994.9346313476563},"rotation":{"x":-0.02092873305082321,"y":-0.08690617978572846,"z":0.0018373423954471946,"w":-0.9960294961929321},"size":1005.6773071289063,"orthographic":false}