{"cameraMode":{"drawMode":0,"name":"Shaded","section":"Shading Mode"},"sceneLighting":false,"audioPlay":false,"sceneViewState":{"showFog":true,"showMaterialUpdate":false,"showSkybox":false,"showFlares":true,"showImageEffects":true,"showParticleSystems":true},"in2DMode":false,"pivot":{"x":-55.11799240112305,"y":19.778079986572267,"z":96.27081298828125},"rotation":{"x":0.04364810511469841,"y":0.6638681292533875,"z":0.03888795152306557,"w":-0.7456128001213074},"size":49.56538772583008,"orthographic":false}