{"cameraMode":{"drawMode":0,"name":"Shaded","section":"Shading Mode"},"sceneLighting":false,"audioPlay":false,"sceneViewState":{"showFog":true,"showMaterialUpdate":false,"showSkybox":false,"showFlares":true,"showImageEffects":true,"showParticleSystems":true},"in2DMode":false,"pivot":{"x":0.0,"y":9.471153259277344,"z":721.8836669921875},"rotation":{"x":-0.004541623871773481,"y":0.9891422390937805,"z":-0.031176764518022538,"w":-0.14376112818717957},"size":1278.53955078125,"orthographic":false}