{"cameraMode":{"drawMode":0,"name":"Shaded","section":"Shading Mode"},"sceneLighting":false,"audioPlay":false,"sceneViewState":{"showFog":true,"showMaterialUpdate":false,"showSkybox":false,"showFlares":true,"showImageEffects":true,"showParticleSystems":true},"in2DMode":false,"pivot":{"x":-0.00935983657836914,"y":2.0318877696990969,"z":-0.31198835372924807},"rotation":{"x":-0.004541623871773481,"y":0.9891422390937805,"z":-0.031176764518022538,"w":-0.14376112818717957},"size":5.669309616088867,"orthographic":false}