{"cameraMode":{"drawMode":0,"name":"Shaded","section":"Shading Mode"},"sceneLighting":true,"audioPlay":false,"sceneViewState":{"showFog":true,"showMaterialUpdate":false,"showSkybox":true,"showFlares":true,"showImageEffects":true,"showParticleSystems":true},"in2DMode":false,"pivot":{"x":2.5357730388641359,"y":-16.183542251586915,"z":260.6864318847656},"rotation":{"x":-0.007429348770529032,"y":0.827162504196167,"z":-0.5619060397148132,"w":-0.01094414759427309},"size":22.074918746948243,"orthographic":false}