{"cameraMode":{"drawMode":0,"name":"Shaded","section":"Shading Mode"},"sceneLighting":false,"audioPlay":false,"sceneViewState":{"showFog":true,"showMaterialUpdate":false,"showSkybox":false,"showFlares":true,"showImageEffects":true,"showParticleSystems":true},"in2DMode":false,"pivot":{"x":283.51678466796877,"y":2330.423828125,"z":21.654476165771486},"rotation":{"x":0.017988475039601327,"y":-0.012031379155814648,"z":-0.00019833783153444529,"w":-0.9997984766960144},"size":345.12255859375,"orthographic":false}