{"cameraMode":{"drawMode":0,"name":"Shaded","section":"Shading Mode"},"sceneLighting":false,"audioPlay":false,"sceneViewState":{"showFog":true,"showMaterialUpdate":false,"showSkybox":false,"showFlares":true,"showImageEffects":true,"showParticleSystems":true},"in2DMode":false,"pivot":{"x":4.056333541870117,"y":54.87628936767578,"z":5234.02734375},"rotation":{"x":0.2682063579559326,"y":-0.19653871655464173,"z":0.05594266578555107,"w":0.9415041208267212},"size":8.229899406433106,"orthographic":false}