{"cameraMode":{"drawMode":0,"name":"Shaded","section":"Shading Mode"},"sceneLighting":false,"audioPlay":false,"sceneViewState":{"showFog":true,"showMaterialUpdate":false,"showSkybox":false,"showFlares":true,"showImageEffects":true,"showParticleSystems":true},"in2DMode":false,"pivot":{"x":-15.057930946350098,"y":3.4735376834869386,"z":38.9124641418457},"rotation":{"x":0.007401580922305584,"y":-0.9571794271469116,"z":0.02472287230193615,"w":0.2885483205318451},"size":26.308856964111329,"orthographic":false}