{"cameraMode":{"drawMode":0,"name":"Shaded","section":"Shading Mode"},"sceneLighting":false,"audioPlay":false,"sceneViewState":{"showFog":true,"showMaterialUpdate":false,"showSkybox":false,"showFlares":true,"showImageEffects":true,"showParticleSystems":true},"in2DMode":false,"pivot":{"x":-0.9127964973449707,"y":-1.5842094421386719,"z":1.42018461227417},"rotation":{"x":0.10077209770679474,"y":-0.8532461524009705,"z":0.17948418855667115,"w":0.4792894423007965},"size":5.669309616088867,"orthographic":false}