{"cameraMode":{"drawMode":0,"name":"Shaded","section":"Shading Mode"},"sceneLighting":false,"audioPlay":false,"sceneViewState":{"showFog":true,"showMaterialUpdate":false,"showSkybox":false,"showFlares":true,"showImageEffects":true,"showParticleSystems":true},"in2DMode":false,"pivot":{"x":-8.47762680053711,"y":1.7458587884902955,"z":-92.18830108642578},"rotation":{"x":-0.07870138436555863,"y":-0.8989254236221314,"z":0.18062134087085725,"w":-0.3914491534233093},"size":5.372792720794678,"orthographic":false}