{"cameraMode":{"drawMode":0,"name":"Shaded","section":"Shading Mode"},"sceneLighting":false,"audioPlay":false,"sceneViewState":{"showFog":true,"showMaterialUpdate":false,"showSkybox":false,"showFlares":true,"showImageEffects":true,"showParticleSystems":true},"in2DMode":false,"pivot":{"x":-28.441532135009767,"y":-1.4711425304412842,"z":-193.33456420898438},"rotation":{"x":0.007401580922305584,"y":-0.9571794271469116,"z":0.02472287230193615,"w":0.2885483205318451},"size":36.20339584350586,"orthographic":false}