{"cameraMode":{"drawMode":0,"name":"Shaded","section":"Shading Mode"},"sceneLighting":true,"audioPlay":false,"sceneViewState":{"showFog":true,"showMaterialUpdate":false,"showSkybox":false,"showFlares":true,"showImageEffects":true,"showParticleSystems":true},"in2DMode":false,"pivot":{"x":11.490220069885254,"y":18.360260009765626,"z":57.56074142456055},"rotation":{"x":-0.041641321033239368,"y":0.9491457939147949,"z":-0.14229418337345124,"w":-0.2777669429779053},"size":1.576166033744812,"orthographic":false}