{"cameraMode":{"drawMode":0,"name":"Shaded","section":"Shading Mode"},"sceneLighting":true,"audioPlay":false,"sceneViewState":{"showFog":true,"showMaterialUpdate":false,"showSkybox":false,"showFlares":true,"showImageEffects":true,"showParticleSystems":true},"in2DMode":false,"pivot":{"x":0.7175838351249695,"y":4.0896830558776859,"z":59.48051834106445},"rotation":{"x":-0.00010817808652063832,"y":0.9959268569946289,"z":-0.09018705785274506,"w":-0.0011942306300625206},"size":4.334020614624023,"orthographic":false}