{"cameraMode":{"drawMode":0,"name":"Shaded","section":"Shading Mode"},"sceneLighting":true,"audioPlay":false,"sceneViewState":{"showFog":true,"showMaterialUpdate":false,"showSkybox":false,"showFlares":true,"showImageEffects":true,"showParticleSystems":true},"in2DMode":false,"pivot":{"x":-13.955057144165039,"y":19.123489379882814,"z":111.33543395996094},"rotation":{"x":0.07858021557331085,"y":0.20544546842575074,"z":0.01655290275812149,"w":-0.9753785133361816},"size":26.722414016723634,"orthographic":false}