{"cameraMode":{"drawMode":0,"name":"Shaded","section":"Shading Mode"},"sceneLighting":true,"audioPlay":false,"sceneViewState":{"showFog":true,"showMaterialUpdate":false,"showSkybox":false,"showFlares":true,"showImageEffects":true,"showParticleSystems":true},"in2DMode":false,"pivot":{"x":0.0,"y":16.85681915283203,"z":73.48999786376953},"rotation":{"x":0.07858021557331085,"y":0.20544546842575074,"z":0.01655290275812149,"w":-0.9753785133361816},"size":3.9392051696777345,"orthographic":false}