{"cameraMode":{"drawMode":0,"name":"Shaded","section":"Shading Mode"},"sceneLighting":true,"audioPlay":false,"sceneViewState":{"showFog":true,"showMaterialUpdate":false,"showSkybox":false,"showFlares":true,"showImageEffects":true,"showParticleSystems":true},"in2DMode":false,"pivot":{"x":0.6418733596801758,"y":18.68478775024414,"z":198.59986877441407},"rotation":{"x":-0.24422039091587068,"y":0.7168692946434021,"z":-0.3025071620941162,"w":-0.5787580013275147},"size":5.500421047210693,"orthographic":false}