{"cameraMode":{"drawMode":0,"name":"Shaded","section":"Shading Mode"},"sceneLighting":true,"audioPlay":false,"sceneViewState":{"showFog":true,"showMaterialUpdate":false,"showSkybox":true,"showFlares":true,"showImageEffects":true,"showParticleSystems":true},"in2DMode":false,"pivot":{"x":-234.74009704589845,"y":-42.62897872924805,"z":31.5219669342041},"rotation":{"x":-0.07242214679718018,"y":0.5932784676551819,"z":-0.05375662446022034,"w":-0.8000063896179199},"size":185.57984924316407,"orthographic":false}