{"cameraMode":{"drawMode":0,"name":"Shaded","section":"Shading Mode"},"sceneLighting":true,"audioPlay":false,"sceneViewState":{"showFog":true,"showMaterialUpdate":false,"showSkybox":true,"showFlares":true,"showImageEffects":true,"showParticleSystems":true},"in2DMode":false,"pivot":{"x":-12.133298873901368,"y":8.052835464477539,"z":2373.446044921875},"rotation":{"x":-0.03451888635754585,"y":0.6967865824699402,"z":-0.0337362177670002,"w":-0.7158212065696716},"size":14.21932315826416,"orthographic":false}