{"cameraMode":{"drawMode":0,"name":"Shaded","section":"Shading Mode"},"sceneLighting":false,"audioPlay":false,"sceneViewState":{"showFog":true,"showMaterialUpdate":false,"showSkybox":false,"showFlares":true,"showImageEffects":true,"showParticleSystems":true},"in2DMode":false,"pivot":{"x":0.09327983856201172,"y":5.199999809265137,"z":278.45001220703127},"rotation":{"x":-0.28057846426963808,"y":-0.009794063866138459,"z":0.0028591728769242765,"w":-0.9597856998443604},"size":56.75163269042969,"orthographic":false}