{"cameraMode":{"drawMode":0,"name":"Shaded","section":"Shading Mode"},"sceneLighting":false,"audioPlay":false,"sceneViewState":{"showFog":true,"showMaterialUpdate":false,"showSkybox":false,"showFlares":true,"showImageEffects":true,"showParticleSystems":true},"in2DMode":false,"pivot":{"x":-50.91177749633789,"y":2.02215838432312,"z":-82.15989685058594},"rotation":{"x":0.006129695568233728,"y":0.8118560314178467,"z":-0.008524862118065358,"w":0.5837661027908325},"size":26.42087745666504,"orthographic":false}