{"cameraMode":{"drawMode":0,"name":"Shaded","section":"Shading Mode"},"sceneLighting":true,"audioPlay":false,"sceneViewState":{"showFog":true,"showMaterialUpdate":false,"showSkybox":false,"showFlares":true,"showImageEffects":true,"showParticleSystems":true},"in2DMode":false,"pivot":{"x":-249.7198486328125,"y":-171.32838439941407,"z":270.7524719238281},"rotation":{"x":0.05757259577512741,"y":0.809173047542572,"z":-0.5792379379272461,"w":0.08040586858987808},"size":1381.0242919921875,"orthographic":false}