{"cameraMode":{"drawMode":0,"name":"Shaded","section":"Shading Mode"},"sceneLighting":false,"audioPlay":false,"sceneViewState":{"showFog":true,"showMaterialUpdate":false,"showSkybox":false,"showFlares":true,"showImageEffects":true,"showParticleSystems":true},"in2DMode":false,"pivot":{"x":3.3064043521881105,"y":-2.904996871948242,"z":6.434377670288086},"rotation":{"x":-0.24250705540180207,"y":0.07418001443147659,"z":-0.018586916849017144,"w":-0.967144250869751},"size":12.796931266784668,"orthographic":false}