{"cameraMode":{"drawMode":0,"name":"Shaded","section":"Shading Mode"},"sceneLighting":false,"audioPlay":false,"sceneViewState":{"showFog":true,"showMaterialUpdate":false,"showSkybox":false,"showFlares":true,"showImageEffects":true,"showParticleSystems":true},"in2DMode":false,"pivot":{"x":-7.058730125427246,"y":-25.589393615722658,"z":-0.8630000352859497},"rotation":{"x":-0.024097152054309846,"y":0.9630846381187439,"z":-0.2519562244415283,"w":-0.09210985898971558},"size":31.730527877807618,"orthographic":false}