{"cameraMode":{"drawMode":0,"name":"Shaded","section":"Shading Mode"},"sceneLighting":false,"audioPlay":false,"sceneViewState":{"showFog":true,"showMaterialUpdate":false,"showSkybox":false,"showFlares":true,"showImageEffects":true,"showParticleSystems":true},"in2DMode":false,"pivot":{"x":-0.5993718504905701,"y":10.80274772644043,"z":69.23133850097656},"rotation":{"x":0.8368338346481323,"y":0.011491539888083935,"z":-0.017576415091753007,"w":0.5470696687698364},"size":0.46507006883621218,"orthographic":false}