{"cameraMode":{"drawMode":0,"name":"Shaded","section":"Shading Mode"},"sceneLighting":false,"audioPlay":false,"sceneViewState":{"showFog":true,"showMaterialUpdate":false,"showSkybox":false,"showFlares":true,"showImageEffects":true,"showParticleSystems":true},"in2DMode":false,"pivot":{"x":-0.028186768293380739,"y":2.8221211433410646,"z":-0.05593274533748627},"rotation":{"x":0.12047883123159409,"y":0.6601664423942566,"z":-0.10855177044868469,"w":0.7334886789321899},"size":1.9597948789596558,"orthographic":false}