{"cameraMode":{"drawMode":0,"name":"Shaded","section":"Shading Mode"},"sceneLighting":true,"audioPlay":false,"sceneViewState":{"showFog":true,"showMaterialUpdate":false,"showSkybox":false,"showFlares":true,"showImageEffects":true,"showParticleSystems":true},"in2DMode":false,"pivot":{"x":14.833050727844239,"y":17.344453811645509,"z":87.37043762207031},"rotation":{"x":-0.032997652888298038,"y":0.9220019578933716,"z":-0.08068353682756424,"w":-0.3773246109485626},"size":7.786839962005615,"orthographic":false}