{"cameraMode":{"drawMode":0,"name":"Shaded","section":"Shading Mode"},"sceneLighting":false,"audioPlay":false,"sceneViewState":{"showFog":true,"showMaterialUpdate":false,"showSkybox":false,"showFlares":true,"showImageEffects":true,"showParticleSystems":true},"in2DMode":false,"pivot":{"x":38.93101501464844,"y":-103.56784057617188,"z":3649.50537109375},"rotation":{"x":-0.21030011773109437,"y":-0.045743051916360858,"z":0.00983387604355812,"w":-0.976548433303833},"size":223.45724487304688,"orthographic":false}