{"cameraMode":{"drawMode":0,"name":"Shaded","section":"Shading Mode"},"sceneLighting":false,"audioPlay":false,"sceneViewState":{"showFog":true,"showMaterialUpdate":false,"showSkybox":false,"showFlares":true,"showImageEffects":true,"showParticleSystems":true},"in2DMode":false,"pivot":{"x":-2.6858890056610109,"y":4.053862571716309,"z":0.0921783447265625},"rotation":{"x":0.21922548115253449,"y":0.7724432945251465,"z":-0.3522125482559204,"w":0.4809279441833496},"size":14.559089660644532,"orthographic":false}