{"cameraMode":{"drawMode":0,"name":"Shaded","section":"Shading Mode"},"sceneLighting":false,"audioPlay":false,"sceneViewState":{"showFog":true,"showMaterialUpdate":false,"showSkybox":false,"showFlares":true,"showImageEffects":true,"showParticleSystems":true},"in2DMode":false,"pivot":{"x":-13.042792320251465,"y":-9.236064910888672,"z":7.632562637329102},"rotation":{"x":0.23858487606048585,"y":-0.46958139538764956,"z":0.1334545612335205,"w":0.8394995331764221},"size":10.610396385192871,"orthographic":false}