{"cameraMode":{"drawMode":0,"name":"Shaded","section":"Shading Mode"},"sceneLighting":true,"audioPlay":false,"sceneViewState":{"showFog":true,"showMaterialUpdate":false,"showSkybox":false,"showFlares":true,"showImageEffects":true,"showParticleSystems":true},"in2DMode":false,"pivot":{"x":34.03268814086914,"y":-13.919254302978516,"z":32.99424362182617},"rotation":{"x":0.14342699944972993,"y":0.7460540533065796,"z":-0.17052628099918366,"w":0.6275020241737366},"size":37.342010498046878,"orthographic":false}