{"cameraMode":{"drawMode":0,"name":"Shaded","section":"Shading Mode"},"sceneLighting":true,"audioPlay":false,"sceneViewState":{"showFog":true,"showMaterialUpdate":false,"showSkybox":false,"showFlares":true,"showImageEffects":true,"showParticleSystems":true},"in2DMode":false,"pivot":{"x":0.0,"y":12.802983283996582,"z":994.9346313476563},"rotation":{"x":-0.0031488595996052028,"y":0.9939292669296265,"z":-0.10596361011266709,"w":-0.029527058824896814},"size":1005.6773071289063,"orthographic":false}