{"cameraMode":{"drawMode":0,"name":"Shaded","section":"Shading Mode"},"sceneLighting":false,"audioPlay":false,"sceneViewState":{"showFog":true,"showMaterialUpdate":false,"showSkybox":false,"showFlares":true,"showImageEffects":true,"showParticleSystems":true},"in2DMode":false,"pivot":{"x":-44.942020416259769,"y":-12.915431022644043,"z":10.137970924377442},"rotation":{"x":-0.06955304741859436,"y":0.9052488803863525,"z":-0.16305428743362428,"w":-0.3861512541770935},"size":44.86418151855469,"orthographic":false}