{"cameraMode":{"drawMode":0,"name":"Shaded","section":"Shading Mode"},"sceneLighting":false,"audioPlay":false,"sceneViewState":{"showFog":true,"showMaterialUpdate":false,"showSkybox":false,"showFlares":true,"showImageEffects":true,"showParticleSystems":true},"in2DMode":false,"pivot":{"x":55.313941955566409,"y":-6.911567687988281,"z":538.1661987304688},"rotation":{"x":0.08738972991704941,"y":0.7938709259033203,"z":-0.11756043136119843,"w":0.5902121663093567},"size":38.150577545166019,"orthographic":false}