{"cameraMode":{"drawMode":0,"name":"Shaded","section":"Shading Mode"},"sceneLighting":false,"audioPlay":false,"sceneViewState":{"showFog":true,"showMaterialUpdate":false,"showSkybox":false,"showFlares":true,"showImageEffects":true,"showParticleSystems":true},"in2DMode":false,"pivot":{"x":93.41693115234375,"y":9.577142715454102,"z":7.468555927276611},"rotation":{"x":0.014444001019001007,"y":0.7737172245979309,"z":-0.01765133999288082,"w":0.6331340670585632},"size":68.59600067138672,"orthographic":false}