{"cameraMode":{"drawMode":0,"name":"Shaded","section":"Shading Mode"},"sceneLighting":true,"audioPlay":false,"sceneViewState":{"showFog":true,"showMaterialUpdate":false,"showSkybox":true,"showFlares":true,"showImageEffects":true,"showParticleSystems":true},"in2DMode":false,"pivot":{"x":31.573074340820314,"y":8.972296714782715,"z":163.33856201171876},"rotation":{"x":-0.025063639506697656,"y":0.8537689447402954,"z":-0.041277509182691577,"w":-0.5184113383293152},"size":9.540645599365235,"orthographic":false}