{"cameraMode":{"drawMode":0,"name":"Shaded","section":"Shading Mode"},"sceneLighting":true,"audioPlay":false,"sceneViewState":{"showFog":true,"showMaterialUpdate":false,"showSkybox":false,"showFlares":true,"showImageEffects":true,"showParticleSystems":true},"in2DMode":false,"pivot":{"x":-17.407859802246095,"y":3.1236257553100588,"z":37.09454345703125},"rotation":{"x":-0.10004749894142151,"y":0.7298430800437927,"z":-0.10941614955663681,"w":-0.6673478484153748},"size":34.25872802734375,"orthographic":false}