{"cameraMode":{"drawMode":0,"name":"Shaded","section":"Shading Mode"},"sceneLighting":true,"audioPlay":false,"sceneViewState":{"showFog":true,"showMaterialUpdate":false,"showSkybox":false,"showFlares":true,"showImageEffects":true,"showParticleSystems":true},"in2DMode":false,"pivot":{"x":0.0,"y":6.893339157104492,"z":73.48999786376953},"rotation":{"x":-0.010336213745176793,"y":0.9756895899772644,"z":-0.047171637415885928,"w":-0.21378062665462495},"size":8.652045249938965,"orthographic":false}