{"cameraMode":{"drawMode":0,"name":"Shaded","section":"Shading Mode"},"sceneLighting":true,"audioPlay":false,"sceneViewState":{"showFog":true,"showMaterialUpdate":false,"showSkybox":false,"showFlares":true,"showImageEffects":true,"showParticleSystems":true},"in2DMode":false,"pivot":{"x":-48.5191650390625,"y":-31.977649688720704,"z":37.10426712036133},"rotation":{"x":-0.14023303985595704,"y":0.6610344648361206,"z":-0.12768498063087464,"w":-0.7259963154792786},"size":82.48529815673828,"orthographic":false}