{"cameraMode":{"drawMode":0,"name":"Shaded","section":"Shading Mode"},"sceneLighting":true,"audioPlay":false,"sceneViewState":{"showFog":true,"showMaterialUpdate":false,"showSkybox":true,"showFlares":true,"showImageEffects":true,"showParticleSystems":true},"in2DMode":false,"pivot":{"x":-1.9947962760925294,"y":9.764946937561036,"z":93.41891479492188},"rotation":{"x":-0.0051585715264081959,"y":0.943981945514679,"z":-0.329688161611557,"w":-0.01472028810530901},"size":9.744568824768067,"orthographic":false}