{"cameraMode":{"drawMode":0,"name":"Shaded","section":"Shading Mode"},"sceneLighting":false,"audioPlay":false,"sceneViewState":{"showFog":true,"showMaterialUpdate":false,"showSkybox":false,"showFlares":true,"showImageEffects":true,"showParticleSystems":true},"in2DMode":false,"pivot":{"x":-1.7881393432617188e-7,"y":0.6469457149505615,"z":0.04129600524902344},"rotation":{"x":-0.0023902456741780044,"y":0.9920454621315002,"z":-0.12446381896734238,"w":-0.01904856041073799},"size":1.248241662979126,"orthographic":false}