{"cameraMode":{"drawMode":0,"name":"Shaded","section":"Shading Mode"},"sceneLighting":false,"audioPlay":false,"sceneViewState":{"showFog":true,"showMaterialUpdate":false,"showSkybox":false,"showFlares":true,"showImageEffects":true,"showParticleSystems":true},"in2DMode":false,"pivot":{"x":-10.0,"y":1.0969066619873047,"z":-6.2520670890808109},"rotation":{"x":-0.0023902456741780044,"y":0.9920454621315002,"z":-0.12446381896734238,"w":-0.01904856041073799},"size":2.054377555847168,"orthographic":false}