{"cameraMode":{"drawMode":0,"name":"Shaded","section":"Shading Mode"},"sceneLighting":false,"audioPlay":false,"sceneViewState":{"showFog":true,"showMaterialUpdate":false,"showSkybox":false,"showFlares":true,"showImageEffects":true,"showParticleSystems":true},"in2DMode":false,"pivot":{"x":1.3099355697631837,"y":1.5422312021255494,"z":-1.0807678699493409},"rotation":{"x":-0.010424574837088585,"y":0.9884558320045471,"z":-0.08054853975772858,"w":-0.12792032957077027},"size":1.3899098634719849,"orthographic":false}