{"cameraMode":{"drawMode":0,"name":"Shaded","section":"Shading Mode"},"sceneLighting":false,"audioPlay":false,"sceneViewState":{"showFog":true,"showMaterialUpdate":false,"showSkybox":false,"showFlares":true,"showImageEffects":true,"showParticleSystems":true},"in2DMode":false,"pivot":{"x":5.960464477539063e-8,"y":0.8812061548233032,"z":0.029632270336151124},"rotation":{"x":-0.0023902456741780044,"y":0.9920454621315002,"z":-0.12446381896734238,"w":-0.01904856041073799},"size":1.4085397720336915,"orthographic":false}