{"cameraMode":{"drawMode":0,"name":"Shaded","section":"Shading Mode"},"sceneLighting":false,"audioPlay":false,"sceneViewState":{"showFog":true,"showMaterialUpdate":false,"showSkybox":false,"showFlares":true,"showImageEffects":true,"showParticleSystems":true},"in2DMode":false,"pivot":{"x":-1.1920928955078126e-7,"y":0.900822103023529,"z":0.025584012269973756},"rotation":{"x":-0.0023902456741780044,"y":0.9920454621315002,"z":-0.12446381896734238,"w":-0.01904856041073799},"size":1.4702409505844117,"orthographic":false}