{"cameraMode":{"drawMode":0,"name":"Shaded","section":"Shading Mode"},"sceneLighting":false,"audioPlay":false,"sceneViewState":{"showFog":true,"showMaterialUpdate":false,"showSkybox":false,"showFlares":true,"showImageEffects":true,"showParticleSystems":true},"in2DMode":false,"pivot":{"x":-5.903046131134033,"y":0.427415132522583,"z":-9.809481620788575},"rotation":{"x":-0.0023902456741780044,"y":0.9920454621315002,"z":-0.12446381896734238,"w":-0.01904856041073799},"size":1.5292737483978272,"orthographic":false}