{"cameraMode":{"drawMode":0,"name":"Shaded","section":"Shading Mode"},"sceneLighting":false,"audioPlay":false,"sceneViewState":{"showFog":true,"showMaterialUpdate":false,"showSkybox":false,"showFlares":true,"showImageEffects":true,"showParticleSystems":true},"in2DMode":false,"pivot":{"x":-3.0,"y":0.8255181312561035,"z":-13.50253963470459},"rotation":{"x":-0.010424574837088585,"y":0.9884558320045471,"z":-0.08054853975772858,"w":-0.12792032957077027},"size":1.2181755304336548,"orthographic":false}