{"cameraMode":{"drawMode":0,"name":"Shaded","section":"Shading Mode"},"sceneLighting":false,"audioPlay":false,"sceneViewState":{"showFog":true,"showMaterialUpdate":false,"showSkybox":false,"showFlares":true,"showImageEffects":true,"showParticleSystems":true},"in2DMode":false,"pivot":{"x":-7.75,"y":0.8306856751441956,"z":-13.50951862335205},"rotation":{"x":-0.010424574837088585,"y":0.9884558320045471,"z":-0.08054853975772858,"w":-0.12792032957077027},"size":1.2177715301513672,"orthographic":false}