{"cameraMode":{"drawMode":0,"name":"Shaded","section":"Shading Mode"},"sceneLighting":false,"audioPlay":false,"sceneViewState":{"showFog":true,"showMaterialUpdate":false,"showSkybox":false,"showFlares":true,"showImageEffects":true,"showParticleSystems":true},"in2DMode":false,"pivot":{"x":45.53289794921875,"y":8.707338333129883,"z":993.5609130859375},"rotation":{"x":0.009268593043088913,"y":0.09585068374872208,"z":-0.0008848930010572076,"w":0.9954179525375366},"size":104.64923095703125,"orthographic":false}