{"cameraMode":{"drawMode":0,"name":"Shaded","section":"Shading Mode"},"sceneLighting":false,"audioPlay":false,"sceneViewState":{"showFog":true,"showMaterialUpdate":false,"showSkybox":false,"showFlares":true,"showImageEffects":true,"showParticleSystems":true},"in2DMode":false,"pivot":{"x":232.0388946533203,"y":63.47251892089844,"z":1034.782470703125},"rotation":{"x":0.09742926806211472,"y":0.06861703842878342,"z":-0.006725816056132317,"w":0.9929214119911194},"size":660.9319458007813,"orthographic":false}