{"cameraMode":{"drawMode":0,"name":"Shaded","section":"Shading Mode"},"sceneLighting":false,"audioPlay":false,"sceneViewState":{"showFog":true,"showMaterialUpdate":false,"showSkybox":false,"showFlares":true,"showImageEffects":true,"showParticleSystems":true},"in2DMode":false,"pivot":{"x":-5.416378021240234,"y":-23.525548934936525,"z":267.56671142578127},"rotation":{"x":0.14526653289794923,"y":-0.14196032285690309,"z":0.021071745082736017,"w":0.9789899587631226},"size":87.12274932861328,"orthographic":false}