{"cameraMode":{"drawMode":0,"name":"Shaded","section":"Shading Mode"},"sceneLighting":true,"audioPlay":false,"sceneViewState":{"showFog":true,"showMaterialUpdate":false,"showSkybox":false,"showFlares":true,"showImageEffects":true,"showParticleSystems":true},"in2DMode":false,"pivot":{"x":-4.978455066680908,"y":14.343106269836426,"z":934.5945434570313},"rotation":{"x":0.039303455501794818,"y":0.00899035856127739,"z":-0.0002861850953195244,"w":0.9992980360984802},"size":10.0,"orthographic":false}