{"cameraMode":{"drawMode":0,"name":"Shaded","section":"Shading Mode"},"sceneLighting":false,"audioPlay":false,"sceneViewState":{"showFog":true,"showMaterialUpdate":false,"showSkybox":false,"showFlares":true,"showImageEffects":true,"showParticleSystems":true},"in2DMode":false,"pivot":{"x":14.977270126342774,"y":4.1314287185668949,"z":1046.4830322265625},"rotation":{"x":0.009268593043088913,"y":0.09585068374872208,"z":-0.0008848930010572076,"w":0.9954179525375366},"size":58.9771614074707,"orthographic":false}