{"cameraMode":{"drawMode":0,"name":"Shaded","section":"Shading Mode"},"sceneLighting":false,"audioPlay":false,"sceneViewState":{"showFog":true,"showMaterialUpdate":false,"showSkybox":false,"showFlares":true,"showImageEffects":true,"showParticleSystems":true},"in2DMode":false,"pivot":{"x":58.38266372680664,"y":3.513247489929199,"z":-76.99369812011719},"rotation":{"x":-0.018560104072093965,"y":0.8027841448783875,"z":-0.025848085060715677,"w":-0.5960888862609863},"size":21.93833351135254,"orthographic":false}