{"cameraMode":{"drawMode":0,"name":"Shaded","section":"Shading Mode"},"sceneLighting":false,"audioPlay":false,"sceneViewState":{"showFog":true,"showMaterialUpdate":false,"showSkybox":false,"showFlares":true,"showImageEffects":true,"showParticleSystems":true},"in2DMode":false,"pivot":{"x":18.72878646850586,"y":8.72746467590332,"z":-19.649311065673829},"rotation":{"x":-0.2039618194103241,"y":0.45960667729377749,"z":0.10982727259397507,"w":0.857792317867279},"size":2.400017261505127,"orthographic":false}