{"cameraMode":{"drawMode":0,"name":"Shaded","section":"Shading Mode"},"sceneLighting":false,"audioPlay":false,"sceneViewState":{"showFog":true,"showMaterialUpdate":false,"showSkybox":false,"showFlares":true,"showImageEffects":true,"showParticleSystems":true},"in2DMode":false,"pivot":{"x":52.78303146362305,"y":51.84393310546875,"z":-15.22671890258789},"rotation":{"x":-0.3249833583831787,"y":0.5763029456138611,"z":0.2680726945400238,"w":0.70079505443573},"size":29.81238555908203,"orthographic":false}