{"cameraMode":{"drawMode":0,"name":"Shaded","section":"Shading Mode"},"sceneLighting":false,"audioPlay":false,"sceneViewState":{"showFog":true,"showMaterialUpdate":false,"showSkybox":false,"showFlares":true,"showImageEffects":true,"showParticleSystems":true},"in2DMode":false,"pivot":{"x":5.355917930603027,"y":-0.0577009841799736,"z":-2.44950795173645},"rotation":{"x":-0.00298260897397995,"y":0.8203637003898621,"z":0.004860013257712126,"w":0.572482705116272},"size":4.027774333953857,"orthographic":false}