{"cameraMode":{"drawMode":0,"name":"Shaded","section":"Shading Mode"},"sceneLighting":false,"audioPlay":false,"sceneViewState":{"showFog":true,"showMaterialUpdate":false,"showSkybox":false,"showFlares":true,"showImageEffects":true,"showParticleSystems":true},"in2DMode":false,"pivot":{"x":-1.8108052015304566,"y":1.8473182916641236,"z":-1.7144697904586793},"rotation":{"x":0.11831679195165634,"y":-0.06072647124528885,"z":0.0072698029689490799,"w":0.9911718964576721},"size":2.307648181915283,"orthographic":false}