{"cameraMode":{"drawMode":0,"name":"Shaded","section":"Shading Mode"},"sceneLighting":false,"audioPlay":false,"sceneViewState":{"showFog":true,"showMaterialUpdate":false,"showSkybox":false,"showFlares":true,"showImageEffects":true,"showParticleSystems":true},"in2DMode":false,"pivot":{"x":-0.9448153972625732,"y":1.6999998092651368,"z":0.029146280139684678},"rotation":{"x":0.11831679195165634,"y":-0.06072647124528885,"z":0.0072698029689490799,"w":0.9911718964576721},"size":2.095738172531128,"orthographic":false}