{"cameraMode":{"drawMode":0,"name":"Shaded","section":"Shading Mode"},"sceneLighting":false,"audioPlay":false,"sceneViewState":{"showFog":true,"showMaterialUpdate":false,"showSkybox":false,"showFlares":true,"showImageEffects":true,"showParticleSystems":true},"in2DMode":false,"pivot":{"x":1.1050000190734864,"y":0.9629999995231628,"z":1.1679999828338624},"rotation":{"x":0.02870018593966961,"y":-0.9705928564071655,"z":0.1484924852848053,"w":0.18777799606323243},"size":10.0,"orthographic":false}