{"cameraMode":{"drawMode":0,"name":"Shaded","section":"Shading Mode"},"sceneLighting":false,"audioPlay":false,"sceneViewState":{"showFog":true,"showMaterialUpdate":false,"showSkybox":false,"showFlares":true,"showImageEffects":true,"showParticleSystems":true},"in2DMode":false,"pivot":{"x":0.296354204416275,"y":3.817673444747925,"z":-1.4828628301620484},"rotation":{"x":0.07371293753385544,"y":-0.031106436625123025,"z":0.0023032331373542549,"w":0.9968752264976502},"size":2.879117965698242,"orthographic":false}