{"cameraMode":{"drawMode":0,"name":"Shaded","section":"Shading Mode"},"sceneLighting":true,"audioPlay":false,"sceneViewState":{"showFog":true,"showMaterialUpdate":false,"showSkybox":false,"showFlares":true,"showImageEffects":true,"showParticleSystems":true},"in2DMode":false,"pivot":{"x":0.0,"y":21.584999084472658,"z":44.77499771118164},"rotation":{"x":0.006929449271410704,"y":0.9365569949150086,"z":-0.34996873140335085,"w":0.018548011779785157},"size":6.799066543579102,"orthographic":false}