{"cameraMode":{"drawMode":0,"name":"Shaded","section":"Shading Mode"},"sceneLighting":true,"audioPlay":false,"sceneViewState":{"showFog":true,"showMaterialUpdate":false,"showSkybox":false,"showFlares":true,"showImageEffects":true,"showParticleSystems":true},"in2DMode":false,"pivot":{"x":-0.015882253646850587,"y":12.885923385620118,"z":72.62533569335938},"rotation":{"x":-0.002095527481287718,"y":-0.994802713394165,"z":0.09972181171178818,"w":-0.02088784985244274},"size":5.438485145568848,"orthographic":false}