{"cameraMode":{"drawMode":0,"name":"Shaded","section":"Shading Mode"},"sceneLighting":false,"audioPlay":false,"sceneViewState":{"showFog":true,"showMaterialUpdate":false,"showSkybox":false,"showFlares":true,"showImageEffects":true,"showParticleSystems":true},"in2DMode":false,"pivot":{"x":8.31363296508789,"y":5.892902851104736,"z":-13.319156646728516},"rotation":{"x":-0.22683890163898469,"y":0.5596552491188049,"z":-0.1626943051815033,"w":-0.78029865026474},"size":2.9598069190979006,"orthographic":false}