{"cameraMode":{"drawMode":0,"name":"Shaded","section":"Shading Mode"},"sceneLighting":true,"audioPlay":false,"sceneViewState":{"showFog":true,"showMaterialUpdate":false,"showSkybox":false,"showFlares":true,"showImageEffects":true,"showParticleSystems":true},"in2DMode":false,"pivot":{"x":28.76622200012207,"y":13.377394676208496,"z":46.01412582397461},"rotation":{"x":0.0452907457947731,"y":0.7310923337936401,"z":0.04876399412751198,"w":-0.6790581941604614},"size":6.629074573516846,"orthographic":false}