{"cameraMode":{"drawMode":0,"name":"Shaded","section":"Shading Mode"},"sceneLighting":false,"audioPlay":false,"sceneViewState":{"showFog":true,"showMaterialUpdate":false,"showSkybox":false,"showFlares":true,"showImageEffects":true,"showParticleSystems":true},"in2DMode":false,"pivot":{"x":16.61565589904785,"y":4.171969890594482,"z":-20.999292373657228},"rotation":{"x":-0.28654438257217409,"y":0.5650989413261414,"z":-0.2181466519832611,"w":-0.7422759532928467},"size":1.0135610103607178,"orthographic":false}