{"cameraMode":{"drawMode":0,"name":"Shaded","section":"Shading Mode"},"sceneLighting":true,"audioPlay":false,"sceneViewState":{"showFog":true,"showMaterialUpdate":false,"showSkybox":false,"showFlares":true,"showImageEffects":true,"showParticleSystems":true},"in2DMode":false,"pivot":{"x":-0.20903636515140534,"y":12.520776748657227,"z":61.02021408081055},"rotation":{"x":-0.005425365176051855,"y":0.8858515024185181,"z":-0.46389010548591616,"w":-0.010382847860455513},"size":10.340411186218262,"orthographic":false}