{"cameraMode":{"drawMode":0,"name":"Shaded","section":"Shading Mode"},"sceneLighting":true,"audioPlay":false,"sceneViewState":{"showFog":true,"showMaterialUpdate":false,"showSkybox":false,"showFlares":true,"showImageEffects":true,"showParticleSystems":true},"in2DMode":false,"pivot":{"x":-8.733080863952637,"y":3.343050718307495,"z":-2.043609142303467},"rotation":{"x":-0.20682667195796967,"y":0.7088253498077393,"z":-0.231443390250206,"w":-0.633448600769043},"size":19.049123764038087,"orthographic":false}