{"cameraMode":{"drawMode":0,"name":"Shaded","section":"Shading Mode"},"sceneLighting":true,"audioPlay":false,"sceneViewState":{"showFog":true,"showMaterialUpdate":false,"showSkybox":false,"showFlares":true,"showImageEffects":true,"showParticleSystems":true},"in2DMode":false,"pivot":{"x":-16.203773498535158,"y":11.070548057556153,"z":66.77168273925781},"rotation":{"x":-0.057443585246801379,"y":0.8157397508621216,"z":-0.08225900679826737,"w":-0.5696526169776917},"size":12.666354179382325,"orthographic":false}