{"cameraMode":{"drawMode":0,"name":"Shaded","section":"Shading Mode"},"sceneLighting":false,"audioPlay":false,"sceneViewState":{"showFog":true,"showMaterialUpdate":false,"showSkybox":false,"showFlares":true,"showImageEffects":true,"showParticleSystems":true},"in2DMode":false,"pivot":{"x":18.406118392944337,"y":-4.953490734100342,"z":3338.4765625},"rotation":{"x":0.21634270250797273,"y":0.01992643065750599,"z":-0.0044066086411476139,"w":0.9761235117912293},"size":26.184402465820314,"orthographic":false}