{"cameraMode":{"drawMode":0,"name":"Shaded","section":"Shading Mode"},"sceneLighting":true,"audioPlay":false,"sceneViewState":{"showFog":true,"showMaterialUpdate":false,"showSkybox":false,"showFlares":true,"showImageEffects":true,"showParticleSystems":true},"in2DMode":false,"pivot":{"x":-0.015882253646850587,"y":12.885923385620118,"z":72.62533569335938},"rotation":{"x":-0.029871469363570215,"y":-0.957873523235321,"z":0.10822007060050965,"w":-0.26447468996047976},"size":5.438485145568848,"orthographic":false}