{"cameraMode":{"drawMode":0,"name":"Shaded","section":"Shading Mode"},"sceneLighting":true,"audioPlay":false,"sceneViewState":{"showFog":true,"showMaterialUpdate":false,"showSkybox":false,"showFlares":true,"showImageEffects":true,"showParticleSystems":true},"in2DMode":false,"pivot":{"x":-0.8020378351211548,"y":8.57573127746582,"z":58.28070068359375},"rotation":{"x":-0.03172094747424126,"y":0.5632371306419373,"z":-0.02164055034518242,"w":-0.8254103064537048},"size":14.287262916564942,"orthographic":false}