{"cameraMode":{"drawMode":0,"name":"Shaded","section":"Shading Mode"},"sceneLighting":false,"audioPlay":false,"sceneViewState":{"showFog":true,"showMaterialUpdate":false,"showSkybox":false,"showFlares":true,"showImageEffects":true,"showParticleSystems":true},"in2DMode":false,"pivot":{"x":15.196427345275879,"y":4.057000160217285,"z":-20.937000274658204},"rotation":{"x":-0.22683890163898469,"y":0.5596552491188049,"z":-0.1626943051815033,"w":-0.78029865026474},"size":1.436537265777588,"orthographic":false}