{"cameraMode":{"drawMode":0,"name":"Shaded","section":"Shading Mode"},"sceneLighting":true,"audioPlay":false,"sceneViewState":{"showFog":true,"showMaterialUpdate":false,"showSkybox":false,"showFlares":true,"showImageEffects":true,"showParticleSystems":true},"in2DMode":false,"pivot":{"x":-2.5913453102111818,"y":5.366879463195801,"z":72.65839385986328},"rotation":{"x":-0.0392129048705101,"y":0.9606607556343079,"z":-0.18615779280662538,"w":-0.202347069978714},"size":6.776583194732666,"orthographic":false}