{"cameraMode":{"drawMode":0,"name":"Shaded","section":"Shading Mode"},"sceneLighting":true,"audioPlay":false,"sceneViewState":{"showFog":true,"showMaterialUpdate":false,"showSkybox":false,"showFlares":true,"showImageEffects":true,"showParticleSystems":true},"in2DMode":false,"pivot":{"x":0.0,"y":8.048799514770508,"z":27.97850799560547},"rotation":{"x":0.10051465034484863,"y":0.7471884489059448,"z":-0.11613648384809494,"w":0.6466576457023621},"size":22.074926376342775,"orthographic":false}