{"cameraMode":{"drawMode":0,"name":"Shaded","section":"Shading Mode"},"sceneLighting":false,"audioPlay":false,"sceneViewState":{"showFog":true,"showMaterialUpdate":false,"showSkybox":false,"showFlares":true,"showImageEffects":true,"showParticleSystems":true},"in2DMode":false,"pivot":{"x":69.57954406738281,"y":-5.033314228057861,"z":5.173730850219727},"rotation":{"x":-0.04001684859395027,"y":-0.6747009754180908,"z":0.03667909651994705,"w":-0.7361020445823669},"size":31.71357536315918,"orthographic":false}