{"cameraMode":{"drawMode":0,"name":"Shaded","section":"Shading Mode"},"sceneLighting":false,"audioPlay":false,"sceneViewState":{"showFog":true,"showMaterialUpdate":false,"showSkybox":false,"showFlares":true,"showImageEffects":true,"showParticleSystems":true},"in2DMode":false,"pivot":{"x":9.437140464782715,"y":38.53335189819336,"z":1390.8079833984375},"rotation":{"x":0.013831366784870625,"y":-0.8681317567825317,"z":0.4955718517303467,"w":0.024233030155301095},"size":16.442720413208009,"orthographic":false}