{"cameraMode":{"drawMode":0,"name":"Shaded","section":"Shading Mode"},"sceneLighting":false,"audioPlay":false,"sceneViewState":{"showFog":true,"showMaterialUpdate":false,"showSkybox":false,"showFlares":true,"showImageEffects":true,"showParticleSystems":true},"in2DMode":false,"pivot":{"x":-3.2740368843078615,"y":-18.218326568603517,"z":4832.19970703125},"rotation":{"x":-0.5475667715072632,"y":0.03159420192241669,"z":-0.02070636674761772,"w":-0.8359304666519165},"size":41.134761810302737,"orthographic":false}