{"cameraMode":{"drawMode":0,"name":"Shaded","section":"Shading Mode"},"sceneLighting":true,"audioPlay":false,"sceneViewState":{"showFog":true,"showMaterialUpdate":false,"showSkybox":false,"showFlares":true,"showImageEffects":true,"showParticleSystems":true},"in2DMode":false,"pivot":{"x":-4.080737113952637,"y":18.12211799621582,"z":82.34117126464844},"rotation":{"x":-0.0053889816626906399,"y":0.9930694699287415,"z":-0.10616360604763031,"w":-0.05039224028587341},"size":3.545283794403076,"orthographic":false}