{"cameraMode":{"drawMode":0,"name":"Shaded","section":"Shading Mode"},"sceneLighting":false,"audioPlay":false,"sceneViewState":{"showFog":true,"showMaterialUpdate":false,"showSkybox":false,"showFlares":true,"showImageEffects":true,"showParticleSystems":true},"in2DMode":false,"pivot":{"x":1.6565454006195069,"y":6.9160332679748539,"z":256.6842956542969},"rotation":{"x":-0.07580865919589997,"y":0.12767592072486878,"z":-0.009768994525074959,"w":-0.9888902902603149},"size":5.530128002166748,"orthographic":false}