{"cameraMode":{"drawMode":0,"name":"Shaded","section":"Shading Mode"},"sceneLighting":true,"audioPlay":false,"sceneViewState":{"showFog":true,"showMaterialUpdate":false,"showSkybox":false,"showFlares":true,"showImageEffects":true,"showParticleSystems":true},"in2DMode":false,"pivot":{"x":-15.80000114440918,"y":-1.3669958114624024,"z":-12.461063385009766},"rotation":{"x":-0.054736554622650149,"y":0.7945501208305359,"z":-0.07242759317159653,"w":-0.6003888845443726},"size":21.444637298583986,"orthographic":false}