{"cameraMode":{"drawMode":0,"name":"Shaded","section":"Shading Mode"},"sceneLighting":true,"audioPlay":false,"sceneViewState":{"showFog":true,"showMaterialUpdate":false,"showSkybox":false,"showFlares":true,"showImageEffects":true,"showParticleSystems":true},"in2DMode":false,"pivot":{"x":-333.5838317871094,"y":-59.01089096069336,"z":-64.82605743408203},"rotation":{"x":-0.054736554622650149,"y":0.7945501208305359,"z":-0.07242759317159653,"w":-0.6003888845443726},"size":203.16354370117188,"orthographic":false}