{"cameraMode":{"drawMode":0,"name":"Shaded","section":"Shading Mode"},"sceneLighting":false,"audioPlay":false,"sceneViewState":{"showFog":true,"showMaterialUpdate":false,"showSkybox":false,"showFlares":true,"showImageEffects":true,"showParticleSystems":true},"in2DMode":false,"pivot":{"x":0.2799997329711914,"y":5.199999809265137,"z":278.45001220703127},"rotation":{"x":-0.01188791822642088,"y":0.1429012566804886,"z":-0.0016962586669251323,"w":-0.9896895289421082},"size":24.874685287475587,"orthographic":false}