{"cameraMode":{"drawMode":0,"name":"Shaded","section":"Shading Mode"},"sceneLighting":false,"audioPlay":false,"sceneViewState":{"showFog":true,"showMaterialUpdate":false,"showSkybox":false,"showFlares":true,"showImageEffects":true,"showParticleSystems":true},"in2DMode":false,"pivot":{"x":9.420390129089356,"y":3.232419490814209,"z":1477.1195068359375},"rotation":{"x":-0.029971715062856675,"y":0.047361209988594058,"z":-0.0014026385033503175,"w":-0.9984510540962219},"size":40.83659362792969,"orthographic":false}