{"cameraMode":{"drawMode":0,"name":"Shaded","section":"Shading Mode"},"sceneLighting":true,"audioPlay":false,"sceneViewState":{"showFog":true,"showMaterialUpdate":false,"showSkybox":true,"showFlares":true,"showImageEffects":true,"showParticleSystems":true},"in2DMode":false,"pivot":{"x":-0.4171157479286194,"y":13.21104907989502,"z":718.4180297851563},"rotation":{"x":0.00014635158004239202,"y":-0.9990484118461609,"z":0.006299475207924843,"w":0.04528212919831276},"size":6.7088398933410648,"orthographic":false}