{"cameraMode":{"drawMode":0,"name":"Shaded","section":"Shading Mode"},"sceneLighting":true,"audioPlay":false,"sceneViewState":{"showFog":true,"showMaterialUpdate":false,"showSkybox":false,"showFlares":true,"showImageEffects":true,"showParticleSystems":true},"in2DMode":false,"pivot":{"x":3.274622678756714,"y":13.553695678710938,"z":70.69902038574219},"rotation":{"x":0.03334856405854225,"y":0.6139947772026062,"z":0.025987839326262475,"w":-0.7881948947906494},"size":5.030561447143555,"orthographic":false}