{"cameraMode":{"drawMode":0,"name":"Shaded","section":"Shading Mode"},"sceneLighting":true,"audioPlay":false,"sceneViewState":{"showFog":true,"showMaterialUpdate":false,"showSkybox":false,"showFlares":true,"showImageEffects":true,"showParticleSystems":true},"in2DMode":false,"pivot":{"x":9.133906364440918,"y":24.96019172668457,"z":52.680519104003909},"rotation":{"x":-0.021387146785855295,"y":0.8619910478591919,"z":-0.03649093583226204,"w":-0.5051688551902771},"size":18.868759155273439,"orthographic":false}