{"cameraMode":{"drawMode":0,"name":"Shaded","section":"Shading Mode"},"sceneLighting":false,"audioPlay":false,"sceneViewState":{"showFog":true,"showMaterialUpdate":false,"showSkybox":false,"showFlares":true,"showImageEffects":true,"showParticleSystems":true},"in2DMode":false,"pivot":{"x":11.143075942993164,"y":3.3335649967193605,"z":-33.33610534667969},"rotation":{"x":-0.012771078385412693,"y":0.9819768667221069,"z":-0.17444336414337159,"w":-0.07200969010591507},"size":0.000017320508050033823,"orthographic":false}