{"cameraMode":{"drawMode":0,"name":"Shaded","section":"Shading Mode"},"sceneLighting":false,"audioPlay":false,"sceneViewState":{"showFog":true,"showMaterialUpdate":false,"showSkybox":false,"showFlares":true,"showImageEffects":true,"showParticleSystems":true},"in2DMode":false,"pivot":{"x":0.10927700996398926,"y":0.950046181678772,"z":-0.05660000070929527},"rotation":{"x":-0.20515337586402894,"y":-0.029061900451779367,"z":0.006125170737504959,"w":-0.9783027172088623},"size":0.4293203353881836,"orthographic":false}