{"cameraMode":{"drawMode":0,"name":"Shaded","section":"Shading Mode"},"sceneLighting":false,"audioPlay":false,"sceneViewState":{"showFog":true,"showMaterialUpdate":false,"showSkybox":false,"showFlares":true,"showImageEffects":true,"showParticleSystems":true},"in2DMode":false,"pivot":{"x":43.98910903930664,"y":157.45819091796876,"z":4383.0517578125},"rotation":{"x":0.03297833725810051,"y":-0.0203884057700634,"z":-0.0006514942506328225,"w":-0.9992795586585999},"size":524.0902099609375,"orthographic":false}