{"cameraMode":{"drawMode":0,"name":"Shaded","section":"Shading Mode"},"sceneLighting":false,"audioPlay":false,"sceneViewState":{"showFog":true,"showMaterialUpdate":false,"showSkybox":false,"showFlares":true,"showImageEffects":true,"showParticleSystems":true},"in2DMode":false,"pivot":{"x":14.528630256652832,"y":-242.0396270751953,"z":5289.1884765625},"rotation":{"x":-0.47353172302246096,"y":-0.025646040216088296,"z":0.013782380148768425,"w":-0.8803260922431946},"size":227.21363830566407,"orthographic":false}