{"cameraMode":{"drawMode":0,"name":"Shaded","section":"Shading Mode"},"sceneLighting":true,"audioPlay":false,"sceneViewState":{"showFog":true,"showMaterialUpdate":false,"showSkybox":false,"showFlares":true,"showImageEffects":true,"showParticleSystems":true},"in2DMode":false,"pivot":{"x":796.2520751953125,"y":158.11199951171876,"z":517.8815307617188},"rotation":{"x":-0.07903867959976196,"y":0.6982887387275696,"z":-0.0780489444732666,"w":-0.7071447372436523},"size":25.05830192565918,"orthographic":false}