{"cameraMode":{"drawMode":0,"name":"Shaded","section":"Shading Mode"},"sceneLighting":false,"audioPlay":false,"sceneViewState":{"showFog":true,"showMaterialUpdate":false,"showSkybox":false,"showFlares":true,"showImageEffects":true,"showParticleSystems":true},"in2DMode":false,"pivot":{"x":0.09327983856201172,"y":5.199999809265137,"z":809.1600341796875},"rotation":{"x":-0.10646926611661911,"y":0.8862326741218567,"z":-0.2527397572994232,"w":-0.37333494424819949},"size":104.7413330078125,"orthographic":false}