{"cameraMode":{"drawMode":0,"name":"Shaded","section":"Shading Mode"},"sceneLighting":false,"audioPlay":false,"sceneViewState":{"showFog":true,"showMaterialUpdate":false,"showSkybox":false,"showFlares":true,"showImageEffects":true,"showParticleSystems":true},"in2DMode":false,"pivot":{"x":-0.46043792366981509,"y":12.469462394714356,"z":42.21039962768555},"rotation":{"x":-0.046455588191747668,"y":0.9520539045333862,"z":-0.23936031758785249,"w":-0.18477673828601838},"size":22.074926376342775,"orthographic":false}