{"cameraMode":{"drawMode":0,"name":"Shaded","section":"Shading Mode"},"sceneLighting":true,"audioPlay":false,"sceneViewState":{"showFog":true,"showMaterialUpdate":false,"showSkybox":false,"showFlares":true,"showImageEffects":true,"showParticleSystems":true},"in2DMode":false,"pivot":{"x":-116.88418579101563,"y":172.33895874023438,"z":577.003173828125},"rotation":{"x":-0.2410653531551361,"y":-0.6886794567108154,"z":0.2630091607570648,"w":-0.631220817565918},"size":286.8727111816406,"orthographic":false}