{"cameraMode":{"drawMode":0,"name":"Shaded","section":"Shading Mode"},"sceneLighting":false,"audioPlay":false,"sceneViewState":{"showFog":true,"showMaterialUpdate":false,"showSkybox":false,"showFlares":true,"showImageEffects":true,"showParticleSystems":true},"in2DMode":false,"pivot":{"x":8.572152137756348,"y":107.11534118652344,"z":4507.91748046875},"rotation":{"x":-0.0006955279968678951,"y":-0.9965863227844238,"z":-0.0829983577132225,"w":0.00959579087793827},"size":101.15379333496094,"orthographic":false}