{"cameraMode":{"drawMode":0,"name":"Shaded","section":"Shading Mode"},"sceneLighting":false,"audioPlay":false,"sceneViewState":{"showFog":true,"showMaterialUpdate":false,"showSkybox":false,"showFlares":true,"showImageEffects":true,"showParticleSystems":true},"in2DMode":false,"pivot":{"x":-7.1244611740112309,"y":20.699392318725587,"z":266.7739562988281},"rotation":{"x":0.3543738126754761,"y":-0.026645295321941377,"z":0.010102389380335808,"w":0.9346696138381958},"size":20.92173957824707,"orthographic":false}