{"cameraMode":{"drawMode":0,"name":"Shaded","section":"Shading Mode"},"sceneLighting":false,"audioPlay":false,"sceneViewState":{"showFog":true,"showMaterialUpdate":false,"showSkybox":false,"showFlares":true,"showImageEffects":true,"showParticleSystems":true},"in2DMode":false,"pivot":{"x":-0.332121342420578,"y":56.97490310668945,"z":4812.755859375},"rotation":{"x":-0.06952336430549622,"y":0.021854234859347345,"z":0.001511274022050202,"w":0.9973954558372498},"size":35.78203201293945,"orthographic":false}