{"cameraMode":{"drawMode":0,"name":"Shaded","section":"Shading Mode"},"sceneLighting":false,"audioPlay":false,"sceneViewState":{"showFog":true,"showMaterialUpdate":false,"showSkybox":false,"showFlares":true,"showImageEffects":true,"showParticleSystems":true},"in2DMode":false,"pivot":{"x":0.024821311235427858,"y":0.950046181678772,"z":-0.10970000177621842},"rotation":{"x":-0.20515337586402894,"y":-0.029061900451779367,"z":0.006125170737504959,"w":-0.9783027172088623},"size":0.46216967701911929,"orthographic":false}