{"cameraMode":{"drawMode":0,"name":"Shaded","section":"Shading Mode"},"sceneLighting":false,"audioPlay":false,"sceneViewState":{"showFog":true,"showMaterialUpdate":false,"showSkybox":false,"showFlares":true,"showImageEffects":true,"showParticleSystems":true},"in2DMode":false,"pivot":{"x":0.07042175531387329,"y":-0.05101853609085083,"z":-0.6033921241760254},"rotation":{"x":0.021049734205007554,"y":-0.15801753103733064,"z":0.0033354575280100109,"w":0.9874027967453003},"size":1.377011775970459,"orthographic":false}