{"cameraMode":{"drawMode":0,"name":"Shaded","section":"Shading Mode"},"sceneLighting":false,"audioPlay":false,"sceneViewState":{"showFog":true,"showMaterialUpdate":false,"showSkybox":false,"showFlares":true,"showImageEffects":true,"showParticleSystems":true},"in2DMode":false,"pivot":{"x":0.15136122703552247,"y":1.220933198928833,"z":-0.023994088172912599},"rotation":{"x":0.021049734205007554,"y":-0.15801753103733064,"z":0.0033354575280100109,"w":0.9874027967453003},"size":1.5948654413223267,"orthographic":false}