{"cameraMode":{"drawMode":0,"name":"Shaded","section":"Shading Mode"},"sceneLighting":false,"audioPlay":false,"sceneViewState":{"showFog":true,"showMaterialUpdate":false,"showSkybox":false,"showFlares":true,"showImageEffects":true,"showParticleSystems":true},"in2DMode":false,"pivot":{"x":0.03302478790283203,"y":0.4911908805370331,"z":-0.03965270519256592},"rotation":{"x":0.021049734205007554,"y":-0.15801753103733064,"z":0.0033354575280100109,"w":0.9874027967453003},"size":1.5857700109481812,"orthographic":false}